vendor_key,vendor_name,months_ranked,months_audited,incidents,median_m1,audit_share,triggers
PW,PIONEER TRANSPORTATION CORP,20,20,8956,0.0,1.0,M1×20
KF,CAREFUL BUS SERVICE INC (B2192),10,10,457,0.0,1.0,"M1×10, M4×2"
HT,"THOMAS BUSES, INC. (B2321)",9,9,470,0.0,1.0,"M1×9, M4×5"
QL,QUALITY TRANSPORTATION CORP.,19,18,1849,0.0,0.9474,"M1×17, M4×8"
PC,PRIDE TRANSPORTATION (SCH AGE),22,20,37910,0.8687,0.9091,M4×20
LU,L & M BUS CORP (A),22,20,5506,0.705,0.9091,M4×20
IL,LITTLE LISA BUS CO. INC.,10,9,444,0.6528,0.9,M4×9
EM,EMPIRE STATE BUS CORP.,21,18,2724,0.0,0.8571,"M1×17, M4×3"
CL,CAREFUL BUS,20,17,4854,0.0,0.85,M1×17
FP,PHILLIP BUS CORP (B2192),19,16,1418,0.0426,0.8421,"M1×11, M4×13"
MW,MAR-CAN TRANSPORT CO. INC (B2192),16,13,942,0.0,0.8125,M1×13
LK,LEESEL TRANSPORTATION CORP (B2192),11,8,10709,0.0941,0.7273,"M1×8, M4×1"
EQ,EMPIRE CHARTER SERVICE INC,21,12,5957,0.0515,0.5714,"M1×8, M4×6"
AP,HOYT TRANSPORTATION CORP.,22,10,8812,0.9563,0.4545,M4×10
PT,PIONEER TRANSPORTATION CORP,21,8,8375,0.0568,0.381,M1×8
IE,ALLIED TRANSIT CORP.,21,8,7526,0.0464,0.381,"M1×6, M4×2"
LB,LITTLE RICHIE BUS SERVICE,21,8,3015,0.576,0.381,M4×8
NT,NYC SCHOOL BUS UMBRELLA SERVICES,13,4,6344,0.3269,0.3077,"M1×1, M4×3"
GT,"DON THOMAS BUSES, INC. (B2321)",20,6,4357,0.9348,0.3,M4×6
LG,LOGAN BUS COMPANY INC.,21,6,2705,0.2621,0.2857,"M1×4, M4×4"
VN,VAN TRANS LLC (B2192),15,2,4416,0.8079,0.1333,M4×2
JZ,JOFAZ TRANSPORTATION INC.,8,1,440,0.172,0.125,M1×1
NW,SNT BUS INC,20,2,2377,0.2893,0.1,M1×2
BO,"BORO TRANSIT, INC.",22,1,7488,0.4874,0.0455,M1×1
CS,"CONSOLIDATED BUS TRANSIT, INC.",22,1,1793,0.601,0.0455,M1×1
NAME:L & M BUS CORP.,L & M BUS CORP.,21,0,3771,0.93,0.0,
NAME:PHILLIPS BUS SERVICE,PHILLIPS BUS SERVICE,19,0,3128,0.9867,0.0,
"NAME:G.V.C., LTD.","G.V.C., LTD.",20,0,3048,0.9884,0.0,
AM,ALL AMERICAN SCHOOL BUS CORP.,11,0,2745,0.898,0.0,
LR,"LORINDA ENTERPRISES, LTD.",21,0,2243,0.2832,0.0,
GC,G.V.C. LTD. (B2192),10,0,1778,0.9065,0.0,
NAME:ALINA SERVICES CORP.,ALINA SERVICES CORP.,19,0,1604,0.9908,0.0,
NAME:SELBY TRANSPORTATION,SELBY TRANSPORTATION,8,0,533,0.9848,0.0,
"NAME:DON THOMAS BUSES, INC.","DON THOMAS BUSES, INC.",11,0,464,0.94,0.0,
