month,status,school_year,incidents,m1_parent_notified,m1_gen_ed_pm,m1_pre_k,m2_median_lag_min,m3_student_minutes,m3_top_bucket_share,m4_per_100_routes,m5_trust,vendors_ranked,vendors_audited
2024-09,success,2024-2025,7314.0,0.5057,0.015,0.9593,4.0,515215.0,0.2706,90.2117,0.9988,24,12
2024-10,success,2024-2025,8699.0,0.6409,0.0197,0.9508,6.0,447233.0,0.3661,99.2717,0.9985,28,12
2024-11,success,2024-2025,7570.0,0.6089,0.0167,0.9693,5.0,354424.5,0.38,87.6946,0.9987,27,11
2024-12,success,2024-2025,7499.0,0.5881,0.0453,0.9368,6.0,368915.5,0.38,91.3821,0.9997,28,12
2025-01,success,2024-2025,8869.0,0.5969,0.0686,0.9538,6.0,406170.5,0.3887,99.7682,0.9998,28,11
2025-02,success,2024-2025,6705.0,0.5666,0.0407,0.9674,5.0,349363.0,0.3018,78.0011,0.9996,30,12
2025-03,success,2024-2025,6895.0,0.5547,0.0302,0.9575,4.0,409790.5,0.2389,73.7962,0.9996,30,12
2025-04,success,2024-2025,6252.0,0.5657,0.0607,0.9596,4.0,334478.5,0.2363,67.3012,0.9992,28,13
2025-05,success,2024-2025,7318.0,0.5357,0.0321,0.9347,4.0,340735.0,0.2557,95.0475,0.9988,28,11
2025-06,success,2024-2025,5797.0,0.4771,0.0359,0.8916,7.0,238168.0,0.2604,52.911,0.9991,29,13
2025-07,success,2025-2026,2610.0,0.5299,0.0,0.9506,5.0,127635.0,0.2105,,0.9996,18,5
2025-08,success,2025-2026,1032.0,0.7161,0.2,0.9593,8.0,35153.5,0.3516,,0.999,8,2
2025-09,success,2025-2026,8072.0,0.4543,0.0572,0.7922,3.0,568983.5,0.2183,76.1505,0.9991,29,14
2025-10,success,2025-2026,9176.0,0.4773,0.0542,0.893,3.0,511931.0,0.2243,84.4317,0.9975,32,14
2025-11,success,2025-2026,7639.0,0.4747,0.0777,0.9011,4.0,393724.5,0.2187,69.8698,0.9978,29,14
2025-12,success,2025-2026,8702.0,0.4645,0.0628,0.9593,3.0,456040.5,0.2387,79.3117,0.999,30,13
2026-01,success,2025-2026,10767.0,0.4186,0.0584,0.947,4.0,654578.5,0.1987,97.936,0.999,30,12
2026-02,success,2025-2026,10135.0,0.4503,0.0871,0.9692,4.0,670459.0,0.2493,93.5773,0.9997,31,13
2026-03,success,2025-2026,9722.0,0.4972,0.1235,0.9692,5.0,449446.0,0.2587,91.3894,0.9997,29,12
2026-04,success,2025-2026,6775.0,0.5433,0.1145,0.9468,4.0,327991.5,0.2543,62.4292,0.9999,28,11
2026-05,success,2025-2026,9127.0,0.5272,0.0646,0.9869,4.0,444471.5,0.2511,84.6261,0.9989,28,11
2026-06,success,2025-2026,6091.0,0.5355,0.0543,0.9826,5.0,248668.0,0.2943,55.9341,0.999,26,11
