vendor_key,vendor_name,vendor_code,in_contract_data,incidents,valid_incidents,m1_parent_notified_rate,m2_median_logging_lag_min,m2_logged_quickly_rate,m3_student_minutes,m3_student_minutes_low,m3_student_minutes_high,contracted_routes,m4_incidents_per_100_routes,m4_controllable_per_100_routes,m5_trust_score,attributed_via_routes,ranked,audit,audit_triggers
AM,ALL AMERICAN SCHOOL BUS CORP.,AM,True,380,380,0.9605,5.0,0.7263,259.0,203.0,315.0,438,86.758,4.3379,1.0,380,True,False,
AP,HOYT TRANSPORTATION CORP.,AP,True,477,477,0.7987,2.0,0.9476,22154.5,12554.0,31755.0,428,111.4486,6.0748,1.0,477,True,True,M4
BB,BOBBY`S BUS CO. INC.,BB,True,9,9,0.4444,16.0,0.4444,0.0,0.0,0.0,256,3.5156,1.9531,1.0,9,False,False,
BO,"BORO TRANSIT, INC.",BO,True,322,322,0.4845,4.0,0.8944,1776.0,1362.0,2190.0,828,38.8889,0.9662,1.0,321,True,False,
CL,CAREFUL BUS,CL,True,245,245,0.0,1.0,0.9633,5213.0,3631.0,6795.0,104,235.5769,0.9615,1.0,245,True,True,M1
CS,"CONSOLIDATED BUS TRANSIT, INC.",CS,True,96,96,0.6979,7.0,0.5938,453.0,366.0,540.0,166,57.8313,0.6024,1.0,96,True,False,
EL,ALL COUNTY BUS LLC (B2321),EL,True,2,2,1.0,34.5,0.5,637.0,539.0,735.0,32,6.25,0.0,1.0,2,False,False,
EM,EMPIRE STATE BUS CORP.,EM,True,112,112,0.0,1.0,0.9375,16290.0,11565.0,21015.0,43,260.4651,0.0,1.0,112,True,True,M1
EQ,EMPIRE CHARTER SERVICE INC,EQ,True,305,305,0.0557,1.0,0.8426,21334.0,15173.0,27495.0,90,338.8889,16.6667,1.0,305,True,True,M1;M4
FP,PHILLIP BUS CORP (B2192),FP,True,42,42,0.0,1.0,1.0,3216.0,2697.0,3735.0,35,120.0,0.0,1.0,42,True,True,M1
GB,"GRANDPA`S BUS CO., INC.",GB,True,26,26,0.2692,11.5,0.6538,230.0,160.0,300.0,482,5.3942,3.7344,1.0,26,False,False,
GT,"DON THOMAS BUSES, INC. (B2321)",GT,True,204,204,0.8824,5.0,0.9412,5503.0,191.0,10815.0,92,221.7391,3.2609,1.0,204,True,False,
HE,CHILDREN`S TRANS INC. (B2321),HE,True,1,1,0.0,3.0,1.0,0.0,0.0,0.0,9,11.1111,0.0,1.0,1,False,False,
HT,"THOMAS BUSES, INC. (B2321)",HT,True,22,22,0.0,2.0,1.0,1229.5,899.0,1560.0,26,84.6154,7.6923,1.0,22,False,False,
IE,ALLIED TRANSIT CORP.,IE,True,269,269,0.0558,2.0,0.8327,29352.0,21519.0,37185.0,160,168.125,3.125,1.0,266,True,True,M1
IL,LITTLE LISA BUS CO. INC.,IL,True,31,31,0.7097,7.0,0.7419,159.0,138.0,180.0,177,17.5141,12.4294,1.0,31,True,True,M4
JZ,JOFAZ TRANSPORTATION INC.,JZ,True,34,34,0.1471,13.0,0.6471,1033.5,792.0,1275.0,319,10.6583,2.8213,1.0,34,True,False,
KF,CAREFUL BUS SERVICE INC (B2192),KF,True,21,21,0.0,1.0,1.0,391.0,272.0,510.0,10,210.0,10.0,1.0,21,False,False,
LB,LITTLE RICHIE BUS SERVICE,LB,True,164,164,0.6037,1.0,0.9085,659.0,568.0,750.0,505,32.4752,6.1386,1.0,164,True,True,M4
LG,LOGAN BUS COMPANY INC.,LG,True,129,129,0.1395,1.0,0.9612,2014.0,1748.0,2280.0,402,32.0896,4.4776,1.0,129,True,False,
LK,LEESEL TRANSPORTATION CORP (B2192),LK,True,1194,1194,0.1809,14.0,0.5142,28519.5,23739.0,33300.0,448,266.5179,2.0089,0.9992,1193,True,False,
LL,"LITTLE LINDA BUS CO.,INC.",LL,True,2,2,0.5,1.0,1.0,0.0,0.0,0.0,13,15.3846,0.0,1.0,2,False,False,
LP,LOGAN TRANSPORTATION SYSTEMS,LP,True,2,2,1.0,58.0,0.0,0.0,0.0,0.0,36,5.5556,0.0,1.0,2,False,False,
LR,"LORINDA ENTERPRISES, LTD.",LR,True,133,133,0.1729,1.0,0.9774,0.0,0.0,0.0,304,43.75,3.2895,1.0,133,True,False,
LS,LORISSA BUS SERVICE INC.,LS,True,15,15,0.0,11.0,0.8,0.0,0.0,0.0,204,7.3529,5.8824,1.0,15,False,False,
LU,L & M BUS CORP (A),LU,True,257,257,0.6265,9.0,0.6304,17720.0,14320.0,21120.0,156,164.7436,8.9744,1.0,257,True,True,M4
MW,MAR-CAN TRANSPORT CO. INC (B2192),MW,True,43,43,0.0233,2.0,1.0,5457.0,4254.0,6660.0,184,23.3696,3.2609,1.0,43,True,True,M1
NAME:ALINA SERVICES CORP.,ALINA SERVICES CORP.,,False,68,68,1.0,7.0,0.75,28065.0,21660.0,34470.0,,,,1.0,0,True,False,
NAME:CHILDREN`S TRANS INC,CHILDREN`S TRANS INC,,False,3,3,0.0,2.0,1.0,75.5,61.0,90.0,,,,1.0,0,False,False,
"NAME:DON THOMAS BUSES, INC.","DON THOMAS BUSES, INC.",,False,49,49,0.9796,15.0,0.5102,2070.0,0.0,4140.0,,,,1.0,0,True,False,
"NAME:G.V.C., LTD.","G.V.C., LTD.",,False,135,135,0.9852,2.0,0.9926,24027.0,16584.0,31470.0,,,,1.0,0,True,False,
NAME:L & M BUS CORP.,L & M BUS CORP.,,False,124,124,0.9274,113.5,0.0806,1287.0,1074.0,1500.0,,,,1.0,0,True,False,
NAME:PENNY TRANSPORTATION,PENNY TRANSPORTATION,,False,9,9,0.4444,5.0,1.0,585.0,480.0,690.0,,,,1.0,0,False,False,
NAME:PHILLIPS BUS SERVICE,PHILLIPS BUS SERVICE,,False,197,197,0.9898,5.0,0.9543,56906.5,46943.0,66870.0,,,,1.0,0,True,False,
NAME:SELBY TRANSPORTATION,SELBY TRANSPORTATION,,False,2,2,1.0,1.5,1.0,302.0,244.0,360.0,,,,1.0,0,False,False,
NAME:SMART PICK INC,SMART PICK INC,,False,3,3,0.3333,2.0,1.0,334.0,278.0,390.0,,,,1.0,0,False,False,
NT,NYC SCHOOL BUS UMBRELLA SERVICES,NT,True,569,569,0.3269,1.0,0.9578,18947.0,15784.0,22110.0,815,69.816,4.4172,0.9982,569,True,False,
NW,SNT BUS INC,NW,True,113,113,0.2389,4.0,0.8761,1189.5,849.0,1530.0,784,14.4133,0.6378,1.0,113,True,False,
PC,PRIDE TRANSPORTATION (SCH AGE),PC,True,1638,1638,0.6862,9.0,0.7643,129427.5,104730.0,154125.0,695,235.6835,8.0576,0.9963,1638,True,True,M4
PT,PIONEER TRANSPORTATION CORP,PT,True,301,301,0.1262,1.0,0.9834,0.0,0.0,0.0,676,44.5266,0.0,1.0,301,True,False,
PW,PIONEER TRANSPORTATION CORP,PW,True,382,382,0.0,1.0,0.8796,23438.5,15257.0,31620.0,491,77.8004,0.0,1.0,382,True,True,M1
QL,QUALITY TRANSPORTATION CORP.,QL,True,111,111,0.0,3.0,0.8829,0.0,0.0,0.0,442,25.1131,10.181,0.991,111,True,True,M1;M4
VN,VAN TRANS LLC (B2192),VN,True,432,432,0.8079,1.0,0.9306,4432.0,254.0,8610.0,114,378.9474,1.7544,1.0,432,True,False,
VS,VINNY`S BUS SERVICES (B2321),VS,True,2,2,0.5,9.0,1.0,115.0,80.0,150.0,102,1.9608,0.0,1.0,2,False,False,
YM,Y & M TRANSIT CORP (B2192),YM,True,27,27,0.3333,13.0,0.5926,1239.0,1008.0,1470.0,162,16.6667,6.1728,1.0,27,False,False,
